{
  "name": "activemqs",
  "plural": "activemqs",
  "base": "PersistedModel",
  "idInjection": true,
  "options": {
    "validateUpsert": true
  },
  "properties": {
    "project_name": {
      "type": "string",
      "postgresql": {
        "columnName": "projectName",
        "dataType": "character varying"
      }
    },
    "project_code": {
      "type": "string",
      "postgresql": {
        "columnName": "projectCode",
        "dataType": "character varying"
      }
    },
    "instance_name": {
      "type": "string",
      "postgresql": {
        "columnName": "instanceName",
        "dataType": "character varying"
      }
    },
    
    "jetty": {
      "type": "number"
    },
    "openwire": {
      "type": "number"
    },
    "amqp": {
      "type": "number"
    },
    "stomp": {
      "type": "number"
    },
    "mqtt": {
      "type": "number"
    },
    "ws": {
      "type": "number"
    },
    "creation_date": {
      "type": "date",
      "postgresql": {
        "columnName": "creationDate",
        "dataType": "timestamp without time zone"
      }
    },
    "jenkins_user": {
      "type": "string",
      "postgresql": {
        "columnName": "jenkinsUser",
        "dataType": "character varying"
      }
    },
    "jenkins_instance": {
      "type": "string",
      "postgresql": {
        "columnName": "jenkinsInstance",
        "dataType": "character varying"
      }
    },
    "jenkins_user_name": {
      "type": "string",
      "postgresql": {
        "columnName": "jenkinsUserName",
        "dataType": "character varying"
      }
    },
    "env": {
      "type": "string"
    },
    "hoster": {
      "type": "string"
    },
    "geography": {
      "type": "string"
    },
    "machine_type": {
      "type": "string",
      "postgresql": {
        "columnName": "machineType",
        "dataType": "character varying"
      }
    },
    "machine": {
      "type": "string"
    },
    "web_url": {
      "type": "string",
      "postgresql": {
        "columnName": "webUrl",
        "dataType": "character varying"
      }
    },
    "admin_user": {
      "type": "string",
      "postgresql": {
        "columnName": "adminUser",
        "dataType": "character varying"
      }
    },
    "admin_password": {
      "type": "string",
      "postgresql": {
        "columnName": "adminPassword",
        "dataType": "character varying"
      }
    },
    "projectUser": {
      "type": "string",
      "postgresql": {
        "columnName": "projectName",
        "dataType": "character varying"
      }
    },
    "project_password": {
      "type": "string",
      "postgresql": {
        "columnName": "projectPassword",
        "dataType": "character varying"
      }
    }
  },
  "validations": [],
  "relations": {
    "runtimes": {
      "type": "belongsTo",
      "model": "runtimes",
      "foreignKey": "project_code",
      "postgresql": {
        "columnName": "projectCode",
        "dataType": "character varying"
      }
    }
  },
  "acls": [],
  "methods": {}
}
