{
  "name": "ldapGroups",
  "plural": "ldapGroups",
  "base": "PersistedModel",
  "idInjection": true,
  "options": {
    "validateUpsert": true
  },
  "properties": {
    "name": {
      "type": "string",
      "required": true
    },
    "created_by": {
      "type": "string",
      "required": true
    },
    "created": {
      "type": "date",
      "required": true
    },
    "modified_by": {
      "type": "string"
    },
    "modified": {
      "type": "date"
    }
  },
  "validations": [],
  "relations": {
    "rolePermissions": {
      "type": "hasMany",
      "model": "role_permissions",
      "foreignKey": "role_id"
    }
  },
  "acls": [],
  "methods": {}
}
