{
  "name": "menus",
  "plural": "menus",
  "base": "PersistedModel",
  "idInjection": true,
  "options": {
    "validateUpsert": true
  },
  "properties": {
    "menu_parent_id": {
      "type": "number"
    },
    "menu_title": {
      "type": "string",
      "required": true
    },
    "menu_link": {
      "type": "string",
      "required": true
    },
    "menu_order": {
      "type": "number",
      "required": true
    },
    "menu_permission_name": {
      "type": "string",
      "required": true
    },
    "is_active": {
      "type": "boolean",
      "required": true
    },
    "created_by": {
      "type": "string",
      "required": true
    },
    "created": {
      "type": "date",
      "required": true
    },
    "modified_by": {
      "type": "string"
    },
    "modified": {
      "type": "date"
    }
  },
  "validations": [],
  "relations": {
    "children": {
      "type": "hasMany",
      "model": "menus",
      "foreignKey": "menu_parent_id"
    }
  },
  "acls": [],
  "methods": {}
}
