{
  "name": "projects",
  "plural": "projects",
  "base": "PersistedModel",
  "idInjection": true,
  "options": {
    "validateUpsert": true
  },
  "properties": {
    "project_code": {
    "type": "string",
    "id": true,
    "postgresql": {
      "columnName": "code",
      "dataType": "character varying"
    }
    },
    "project_name": {
      "type": "string",
      "postgresql": {
        "columnName": "name",
        "dataType": "character varying"
      }
    },
    "gitURLtac":{
      "type": "string",
      "postgresql": {
        "columnName": "gitURLtac",
        "dataType": "character varying"
      }
    },
    "isCORERef":{
      "type": "boolean",
      "postgresql": {
        "columnName": "isCORERef",
        "dataType": "boolean"
      }
    },
    "project_id":{
      "type": "number",
      "postgresql": {
        "columnName": "id",
        "dataType": "integer"
      }
    }
  },
  "validations": [],
  "relations": {
    "activemqs": {
      "type": "hasMany",
      "model": "activemqs",
      "foreignKey": "project_code",
      "postgresql": {
        "columnName": "projectCode",
        "dataType": "character varying"
      }
    },
    "runtimes": {
      "type": "hasMany",
      "model": "runtimes",
      "foreignKey": "project_code",
      "postgresql": {
        "columnName": "projectCode",
        "dataType": "character varying"
      }
    }
  },
  "acls": [],
  "methods": {}
}
