{
  "name": "role_permissions",
  "plural": "role_permissions",
  "base": "PersistedModel",
  "idInjection": true,
  "options": {
    "validateUpsert": true
  },
  "properties": {
    "role_id": {
      "type": "number",
      "required": true
    },
    "permission_id": {
      "type": "number",
      "required": true
    },
    "read": {
      "type": "boolean"
    },
    "create": {
      "type": "boolean"
    },
    "update": {
      "type": "boolean"
    },
    "delete": {
      "type": "boolean"
    },
    "created_by": {
      "type": "string",
      "required": true
    },
    "created": {
      "type": "date",
      "required": true
    },
    "modified_by": {
      "type": "string"
    },
    "modified": {
      "type": "date"
    }
  },
  "validations": [],
  "relations": {
	"permissions": {
      "type": "belongsTo",
      "model": "permissions",
      "foreignKey": "permission_id"
    }
},
  "acls": [],
  "methods": {}
}
