{
    "name": "secondaryReference",
    "plural": "secondaryReference",
    "base": "PersistedModel",
    "idInjection": true,
    "options": {
      "validateUpsert": true,
      "idInjection": true,
      "postgresql": {
        "schema": "TalendEnterprise_PROD",
        "table": "secondaryReference"
      }
    },
    "properties": {
      "project_code": {
      "type": "string",
      "id": true,
      "postgresql": {
        "columnName": "code",
        "dataType": "character varying"
      }
      },
      "project_name": {
        "type": "string",
        "postgresql": {
          "columnName": "name",
          "dataType": "character varying"
        }
      },
      "project_id": {
        "type": "number",
        "postgresql": {
          "columnName": "project_id",
          "dataType": "integer"
        }
      }
    },
    "validations": [],
    "relations": {
      "activemqs": {
        "type": "hasMany",
        "model": "activemqs",
        "foreignKey": "project_code",
        "postgresql": {
          "columnName": "projectCode",
          "dataType": "character varying"
        }
      },
      "runtimes": {
        "type": "hasMany",
        "model": "runtimes",
        "foreignKey": "project_code",
        "postgresql": {
          "columnName": "projectCode",
          "dataType": "character varying"
        }
      }
    },
    "acls": [],
    "methods": {}
  }
  