{
  "ldap": {
    "provider": "ldap",
    "authScheme": "ldap",
    "module": "passport-ldapauth",
    "authPath": "/api/auth/ldap",
    "session": false,
    "json": true,
    "setAccessToken": true,
    "cookies": false,
    "emailOptional": false,
    "LdapAttributeForLogin": "mail",
    "LdapAttributeForUsername": "mail",
    "LdapAttributeForMail": "mail",
    "server": {
      "url": "ldaps://ad-lev.intranet.cnb:3269",
      "bindDn": "CN=MZHMS,OU=Users,OU=LEV,OU=1251,OU=DE,DC=DE,DC=bayer,DC=cnb",
      "bindCredentials": "Crm4tool12",
      "searchBase": "DC=cnb",
      "searchFilter": "(&(objectClass=*)(sAMAccountName={{username}}))"
    }
  }
}
