{
  "_meta": {
    "sources": [
      "loopback/common/models",
      "loopback/server/models",
      "../common/models",
      "./models",
      "../node_modules/loopback-component-passport/lib/models"
    ],
    "mixins": [
      "loopback/common/mixins",
      "loopback/server/mixins",
      "../common/mixins",
      "./mixins"
    ]
  },
  "UserIdentity": {
    "dataSource": "db",
    "public": false
  },
  "UserCredential": {
    "dataSource": "db",
    "public": false
  },
  "AccessToken": {
    "dataSource": "db",
    "public": false,
    "relations": {
      "user": {
        "type": "belongsTo",
        "model": "user",
        "foreignKey": "userId"
      }
    }
  },
  "ACL": {
    "dataSource": "db",
    "public": false
  },
  "RoleMapping": {
    "dataSource": "db",
    "public": false,
    "options": {
      "strictObjectIDCoercion": true
    }
  },
  "Role": {
    "dataSource": "db",
    "public": false
  },
  "user": {
    "dataSource": "db",
    "public": false
  },
  "employees": {
    "dataSource": "postgres",
    "public": false
  },
  "roles": {
    "dataSource": "postgres",
    "public": false
  },
  "menus": {
    "dataSource": "postgres",
    "public": true
  },
  "permissions": {
    "dataSource": "postgres",
    "public": false
  },
  "role_permissions": {
    "dataSource": "postgres",
    "public": false
  },
  "ldapGroups": {
    "dataSource": "postgres",
    "public": false
  },
  "runtimes": {
    "dataSource": "postgres",
    "public": false
  },
  "activemqs": {
    "dataSource": "postgres",
    "public": false
  },
  "software_modules": {
    "dataSource": "postgres",
    "public": true
  },
  "projects": {
    "dataSource": "postgres",
    "public": true
  },
  "projectDBCTX": {
    "dataSource": "postgres",
    "public": true
  },
  "secondaryReference": {
    "dataSource": "postgres",
    "public": true
  }
}
