{
  "name": "employees",
  "plural": "employees",
  "base": "PersistedModel",
  "idInjection": true,
  "options": {
    "validateUpsert": true
  },
  "properties": {
    "cwid": {
      "type": "string",
      "required": true
    },
    "role_id": {
      "type": "number",
      "required": true
    },
    "first_name": {
      "type": "string",
      "required": true
    },
    "last_name": {
      "type": "string",
      "required": true
    },
    "email": {
      "type": "string",
      "required": true
    },
    "is_enabled": {
      "type": "boolean"
    },
    "created_by": {
      "type": "string",
      "required": true
    },
    "created": {
      "type": "date",
      "required": true
    },
    "modified_by": {
      "type": "string"
    },
    "modified": {
      "type": "date"
    }
  },
  "validations": [],
  "relations": {
    "roles": {
      "type": "belongsTo",
      "model": "roles",
      "foreignKey": "role_id"
    }
  },
  "acls": [],
  "methods": {}
}
