{
  "name": "permissions",
  "plural": "permissions",
  "base": "PersistedModel",
  "idInjection": true,
  "options": {
    "validateUpsert": true
  },
  "properties": {
    "title": {
      "type": "string",
      "required": true
    },
    "created_by": {
      "type": "string",
      "required": true
    },
    "created": {
      "type": "date",
      "required": true
    },
    "modified_by": {
      "type": "string"
    },
    "modified": {
      "type": "date"
    }
  },
  "validations": [],
  "relations": {},
  "acls": [],
  "methods": {}
}
