{
    "name": "projectDBCTX",
    "plural": "projectDBCTX",
    "base": "PersistedModel",
    "options": {
      "validateUpsert": true,
      "idInjection": true,
      "postgresql": {
        "schema": "TalendEnterprise_PROD",
        "table": "projectDBCTX"
      }
    },
    "properties": {
      "instanceName": {
        "type": "string",
        "postgresql": {
          "columnName": "instanceName",
          "dataType": "character varying"
        }
      },
      "is_active": {
        "type": "boolean",
        "postgresql": {
          "columnName": "isActive",
          "dataType": "boolean"
        }
      },
      "isEnvDefault": {
        "type": "boolean",
        "postgresql": {
          "columnName": "isEnvDefault",
          "dataType": "boolean"
        }
      }
    },
    "validations": [],
    "relations": {},
    "acls": [],
    "methods": {}
  }
  