{
  "name": "runtimes",
  "plural": "runtimes",
  "base": "PersistedModel",
  "idInjection": true,
  "options": {
    "validateUpsert": true
  },
  "properties": {
    "id":{
      "type": "number"
    },
    "project_code": {
    "type": "string",
    "id": true,
    "postgresql": {
      "columnName": "projectCode",
      "dataType": "character varying"
    }
    },
    "project_name": {
      "type": "string",
      "postgresql": {
        "columnName": "projectName",
        "dataType": "character varying"
      }
    },
    "env": {
      "type": "string"
    },
    "karaf_name": {
      "type": "string",
      "postgresql": {
        "columnName": "karafName",
        "dataType": "character varying"
      }
    },
    "host_name": {
      "type": "string",
      "postgresql": {
        "columnName": "hostname",
        "dataType": "character varying"
      }
    },
    "runtime_dns": {
      "type": "string",
      "postgresql": {
        "columnName": "DNS",
        "dataType": "character varying"
      }
    },
    "load_balancer": {
      "type": "string",
      "postgresql": {
        "columnName": "loadBalancer",
        "dataType": "character varying"
      }
    },
    "port_HTTP": {
      "type": "number",
      "postgresql": {
        "columnName": "portHTTP",
        "dataType": "integer"
      }
    },
    "port_HTTPS": {
      "type": "number",
      "postgresql": {
        "columnName": "portHTTPS",
        "dataType": "integer"
      }
    },
    "port_SSH": {
      "type": "number",
      "postgresql": {
        "columnName": "portSSH",
        "dataType": "integer"
      }
    },
    "port_JMXRegistry": {
      "type": "number",
      "postgresql": {
        "columnName": "portJMXRegistry",
        "dataType": "integer"
      }
    },
    "port_JMXMonitor": {
      "type": "number",
      "postgresql": {
        "columnName": "portJMXMonitor",
        "dataType": "integer"
      }
    },
    "admin_user": {
      "type": "string",
      "postgresql": {
        "columnName": "adminUser",
        "dataType": "character varying"
      }
    },
    "admin_password": {
      "type": "string",
      "postgresql": {
        "columnName": "adminPassword",
        "dataType": "character varying"
      }
    },
    "project_user": {
      "type": "string",
      "postgresql": {
        "columnName": "projectUser",
        "dataType": "character varying"
      }
    },
    "project_password": {
      "type": "string",
      "postgresql": {
        "columnName": "projectPassword",
        "dataType": "character varying"
      }
    },
    "nx_url": {
      "type": "string",
      "postgresql": {
        "columnName": "nxURL",
        "dataType": "character varying"
      }
    },
    "nx_user": {
      "type": "string",
      "postgresql": {
        "columnName": "nxUser",
        "dataType": "character varying"
      }
    },
    "nx_password": {
      "type": "string",
      "postgresql": {
        "columnName": "nxPassword",
        "dataType": "character varying"
      }
    },
    "js_port_command": {
      "type": "number",
      "postgresql": {
        "columnName": "jsPortCommand",
        "dataType": "integer"
      }
    },
    "js_port_file": {
      "type": "number",
      "postgresql": {
        "columnName": "jsPortFile",
        "dataType": "integer"
      }
    },
    "js_port_JMX": {
      "type": "number",
      "postgresql": {
        "columnName": "jsPortJMX",
        "dataType": "integer"
      }
    },
    "js_user": {
      "type": "string",
      "postgresql": {
        "columnName": "jsUser",
        "dataType": "character varying"
      }
    },
    "js_password": {
      "type": "string",
      "postgresql": {
        "columnName": "jsPassword",
        "dataType": "character varying"
      }
    },
    "creator": {
      "type": "string"
    },
    "creation_date": {
      "type": "date",
      "postgresql": {
        "columnName": "creationDate",
        "dataType": "timestamp without time zone"
      }
    },
    "active": {
      "type": "boolean"
    },
    "type": {
      "type": "string"
    },
    "version": {
      "type": "number"
    },
    "geography": {
      "type": "string"
    },
    "service": {
      "type": "string"
    },
    "home_path": {
      "type": "string",
      "postgresql": {
        "columnName": "homePath",
        "dataType": "character varying"
      }
    },
    "instance_name": {
      "type": "string",
      "postgresql": {
        "columnName": "instanceName",
        "dataType": "character varying"
      }
    },
    "comments": {
      "type": "string"
    }
  },
  "validations": [],
  "relations": {
    "activemqs": {
      "type": "hasMany",
      "model": "activemqs",
      "foreignKey": "project_code",
      "postgresql": {
        "columnName": "projectCode",
        "dataType": "character varying"
      }
    }
  },
  "acls": [],
  "methods": {}
}
