{
  "name": "software_modules",
  "plural": "software_modules",
  "base": "PersistedModel",
  "options": {
    "validateUpsert": true,
    "idInjection": true,
    "postgresql": {
      "schema": "TalendEnterprise_PROD",
      "table": "softwareModules"
    }
  },
  "properties": {
    "env_name": {
      "type": "string",
      "postgresql": {
        "columnName": "envName",
        "dataType": "character varying"
      }
    },
    "env_type": {
      "type": "string",
      "postgresql": {
        "columnName": "envType",
        "dataType": "character varying"
      }
    },
    "module_type": {
      "type": "string"  ,
      "postgresql": {
        "columnName": "moduleType",
        "dataType": "character varying"
      }
    },
    "url": {
      "type": "string"
    },
    "is_default": {
      "type": "boolean" ,
      "postgresql": {
        "columnName": "isDefault",
        "dataType": "boolean"
      }
    },
    "is_active": {
      "type": "boolean",
      "postgresql": {
        "columnName": "isActive",
        "dataType": "boolean"
      }
    },
    "insert_date": {
      "type": "date",
      "postgresql": {
        "columnName": "insertDate",
        "dataType": "timestamp without time zone"
      }
    },
    "insert_user": {
      "type": "string",
        "postgresql":{
        "columnName": "insertUser",
        "dataType":  "character varying"
      }
    },
    "label": {
      "type": "string"
    },
    "comment": {
      "type": "string"
    }
  },
  "validations": [],
  "relations": {},
  "acls": [],
  "methods": {}
}
