{
  "TalendApi": {
    "taskList": ["ro", "rw", "rm", "rw_tech", "ops", "admin"],
    "esbList": ["ro", "rw", "rm", "rw_tech", "ops", "admin"],
    "startStopTask": ["rw", "rm", "rw_tech", "ops", "admin"],
    "startStopEsb": ["rm", "rw_tech", "admin"],
    "deployUndeployEsb": ["rw", "rm", "rw_tech", "ops", "admin"]
  },
  "TalendConfigurationApi": {
    "read":  ["ro", "rw", "rm", "rw_tech", "ops", "admin"],
    "write": ["rw", "rm", "rw_tech", "ops", "admin"],
    "promote": ["rw_tech", "ops", "admin"],
    "deployBootstrapperConfig": ["rw_tech", "admin"]
  }
}
